Date,KBANKOpen,KBANKHigh,KBANKLow,KBANKClose,KBANKVolume,KBANKAdjusted
5/1/2015,226,227,220,220,8257400,189.366287
6/1/2015,214,215,205,214,14103900,184.201767
7/1/2015,215,219,214,218,8669900,187.644775
8/1/2015,223,228,222,228,8947000,196.252335
9/1/2015,230,231,227,229,6858000,197.113113
12/1/2015,227,229,225,227,3171300,195.391556
13/1/2015,224,227,224,226,6364100,194.530807
14/1/2015,226,228,223,224,7296200,192.809311
15/1/2015,226,229,224,226,6941600,194.530807
16/1/2015,225,228,223,225,8303000,193.670044
19/1/2015,225,226,222,224,6662800,192.809311
20/1/2015,224,226,222,222,5589800,191.087799
21/1/2015,222,223,220,222,5924400,191.087799
22/1/2015,225,228,222,228,8420300,196.252335
23/1/2015,232,235,231,235,12648100,202.277649
26/1/2015,233,234,231,232,9320000,199.695358
27/1/2015,232,233,231,232,7363900,199.695358
28/1/2015,231,232,229,232,7670700,199.695358
29/1/2015,231,232,226,226,7761100,194.530807
30/1/2015,223,225,221,222,10344000,191.087799
2/2/2015,219,222,219,221,5663000,190.227036
3/2/2015,222,228,222,226,6662500,194.530807
4/2/2015,229,229,224,224,6389400,192.809311
5/2/2015,223,227,223,227,4397600,195.391556
6/2/2015,227,228,224,225,3118100,193.670044
9/2/2015,225,226,222,222,4446800,191.087799
10/2/2015,222,225,222,223,3403900,191.948547
11/2/2015,224,228,223,227,4229000,195.391556
12/2/2015,228,228,223,225,5629200,193.670044
13/2/2015,225,226,223,225,3294700,193.670044
16/2/2015,224,226,223,224,2545900,192.809311
17/2/2015,223,224,220,221,3923900,190.227036
18/2/2015,221,223,220,222,3023800,191.087799
19/2/2015,223,223,221,222,1501400,191.087799
20/2/2015,222,222,220,220,3012700,189.366287
23/2/2015,220,221,215,217,5577200,186.784042
24/2/2015,219,223,218,221,5925300,190.227036
25/2/2015,222,223,218,219,4325800,188.505524
26/2/2015,219,220,215,216,6595500,185.923264
27/2/2015,216,218,216,217,5483000,186.784042
2/3/2015,217,218,216,218,3929400,187.644775
3/3/2015,220,225,220,223,9276200,191.948547
5/3/2015,228,228,225,228,10042300,196.252335
6/3/2015,228,229,226,229,4733700,197.113113
9/3/2015,227,229,226,228,2652300,196.252335
10/3/2015,229,229,224,224,5873200,192.809311
11/3/2015,224,229,223,227,6686400,195.391556
12/3/2015,227,228,225,225,3638900,193.670044
13/3/2015,225,227,223,224,3749900,192.809311
16/3/2015,223,225,220,221,4328600,190.227036
17/3/2015,223,224,220,221,2863700,190.227036
18/3/2015,222,228,221,226,4597600,194.530807
19/3/2015,228,231,226,230,8605100,197.973877
20/3/2015,230,231,227,228,5226100,196.252335
23/3/2015,230,230,225,227,3796100,195.391556
24/3/2015,226,227,223,225,6624600,193.670044
25/3/2015,225,228,225,226,5065200,194.530807
26/3/2015,224,227,222,224,4982300,192.809311
27/3/2015,225,229,224,226,3994500,194.530807
30/3/2015,229,230,227,227,5097200,195.391556
31/3/2015,229,230,226,229,4350900,197.113113
1/4/2015,229,230,227,230,1897900,197.973877
2/4/2015,230,232,228,231,4403800,198.834595
3/4/2015,231,233,230,231,2046400,198.834595
7/4/2015,232,235,231,233,3667100,200.556107
8/4/2015,233,236,232,234,5491700,201.416885
9/4/2015,232,234,231,233,4218200,203.601425
10/4/2015,234,234,230,234,4688300,204.475296
16/4/2015,231,235,227,234,6878000,204.475296
17/4/2015,234,236,232,234,7265200,204.475296
20/4/2015,234,234,229,233,8808000,203.601425
21/4/2015,233,234,229,232,7470900,202.727615
22/4/2015,232,232,225,226,9854600,197.484634
23/4/2015,225,225,220,221,12664100,193.115524
24/4/2015,221,224,221,223,6960100,194.863144
27/4/2015,221,223,216,216,12100500,188.746384
28/4/2015,214,216,210,210,18252900,183.503433
29/4/2015,208,214,208,210,9083700,183.503433
30/4/2015,209,210,207,210,5999800,183.503433
4/5/2015,210,210,210,210,0,183.503433
6/5/2015,210,210,200,201,15561200,175.639008
7/5/2015,201,206,201,202,9146700,176.512817
8/5/2015,203,209,202,208,10202100,181.755783
11/5/2015,210,213,209,211,10363900,184.377289
12/5/2015,210,211,207,208,8953800,181.755783
13/5/2015,208,211,208,208,3376900,181.755783
14/5/2015,210,210,206,207,4533600,180.881958
15/5/2015,207,209,205,208,3901300,181.755783
18/5/2015,208,208,205,206,6037400,180.008102
19/5/2015,206,208,205,208,5639900,181.755783
20/5/2015,207,209,201,201,11485200,175.639008
21/5/2015,202,203,199,199.5,10995000,174.328247
22/5/2015,200,202,200,200,5576200,174.765182
25/5/2015,200,201,199,199.5,2688200,174.328247
26/5/2015,200,200,197,199.5,6819100,174.328247
27/5/2015,197,198.5,196.5,197.5,7298200,172.580597
28/5/2015,197.5,197.5,196,196,5884800,171.269852
29/5/2015,196.5,196.5,195,195,7577300,170.396057
2/6/2015,193.5,194,190.5,192.5,8306100,168.211472
3/6/2015,193.5,196,193,195,8444400,170.396057
4/6/2015,195.5,201,194,199,7684600,173.891342
5/6/2015,200,204,199.5,203,4983800,177.386627
8/6/2015,203,203,200,202,4228500,176.512817
9/6/2015,201,202,200,200,4687700,174.765182
10/6/2015,200,203,200,200,4347200,174.765182
11/6/2015,202,205,202,205,4877300,179.134308
12/6/2015,205,205,203,204,2998200,178.260483
15/6/2015,204,204,200,200,2908400,174.765182
16/6/2015,200,202,199,200,4794600,174.765182
17/6/2015,200,201,199,199,5264300,173.891342
18/6/2015,199,201,199,200,7067900,174.765182
19/6/2015,200,201,197,197,3898600,172.143723
22/6/2015,199,202,198.5,200,3186000,174.765182
23/6/2015,201,202,197.5,199.5,10660300,174.328247
24/6/2015,199,201,198.5,199,4134300,173.891342
25/6/2015,199.5,199.5,198,198.5,6245300,173.454437
26/6/2015,199,202,198.5,200,7303500,174.765182
29/6/2015,199,199,195,195.5,10368700,170.832947
30/6/2015,195.5,196,189,189,21352100,165.153076
2/7/2015,184,184,179,179,38836000,156.414856
3/7/2015,178.5,183,178.5,180.5,18331100,157.725571
6/7/2015,178,179.5,178,179,9556700,156.414856
7/7/2015,180,183,179.5,182,10646200,159.036301
8/7/2015,180,182.5,179,181.5,10140700,158.59938
9/7/2015,182,183.5,180.5,183,8197300,159.910126
10/7/2015,186,188,185.5,187,9294600,163.405441
13/7/2015,188,192.5,187,191.5,12598700,167.337646
14/7/2015,191,191.5,188.5,189.5,6219000,165.589981
15/7/2015,188,190,187.5,190,3411100,166.026917
16/7/2015,190,190,187,189,5256900,165.153076
17/7/2015,189,190.5,188,189,3501800,165.153076
20/7/2015,190.5,191,187.5,188,7252600,164.279266
21/7/2015,187,187,181,181.5,12925900,158.59938
22/7/2015,180.5,183.5,180.5,182,9528000,159.036301
23/7/2015,182.5,183.5,180.5,181,7468900,158.162491
24/7/2015,181,181,179,179.5,5507400,156.851746
27/7/2015,178.5,179,176,176,11378300,153.793365
28/7/2015,175,176.5,172.5,173.5,11430900,151.608795
29/7/2015,174.5,175.5,170,172,15236000,150.298035
31/7/2015,173.5,178,173,178,8878600,155.541031
3/8/2015,177.5,182,176.5,181.5,6985700,158.59938
4/8/2015,181,181,179,180,7999000,157.288666
5/8/2015,180,181,177,177.5,8515700,155.104095
6/8/2015,177.5,178,175.5,176,4398800,153.793365
7/8/2015,175.5,177,175,176.5,2794600,154.230255
10/8/2015,175.5,178,175.5,177,3276200,154.667191
11/8/2015,177,177,174.5,174.5,4584100,152.48262
13/8/2015,172,172,168,171,16731800,149.424225
14/8/2015,170.5,174.5,169,173,7533100,151.171875
17/8/2015,172.5,175,172,173.5,5031100,151.608795
18/8/2015,169,173,169,171,15510400,149.424225
19/8/2015,172,174,171,173.5,9066900,151.608795
20/8/2015,172,173.5,171.5,173.5,6899700,151.608795
21/8/2015,172.5,173,171,172.5,5865900,150.734985
24/8/2015,169,169.5,163.5,163.5,14957100,142.870529
25/8/2015,167,169,165.5,167.5,13294800,146.36586
26/8/2015,165.5,174,165.5,172.5,10435900,150.734985
27/8/2015,176,180,175,180,11275700,157.288666
28/8/2015,183,183.5,177,178,11195000,155.541031
31/8/2015,178,181,176.5,180.5,4791700,157.725571
1/9/2015,180,180.5,178,179,5410000,156.414856
2/9/2015,177.5,181,176.5,181,5384500,158.162491
3/9/2015,181,182.5,180.5,181.5,5046300,158.59938
4/9/2015,181,182,179.5,181,4478000,158.162491
7/9/2015,180.5,181,178,178.5,4374900,155.977905
8/9/2015,178.5,180,176.5,179,5099800,156.854233
9/9/2015,181,184.5,180.5,184,7953500,161.235596
10/9/2015,182,184.5,182,184.5,7167200,161.673752
11/9/2015,185,185,180,180,4678100,157.730499
14/9/2015,180.5,181,178,180,4044600,157.730499
15/9/2015,180,180.5,178,178.5,4105100,156.416046
16/9/2015,180,180,178,179,3605000,156.854233
17/9/2015,179,181.5,178,180.5,5692400,158.16861
18/9/2015,181,183.5,181,182.5,6885300,159.921173
21/9/2015,182.5,184,182,184,3686900,161.235596
22/9/2015,185,185,183.5,183.5,4488200,160.797485
23/9/2015,182.5,184.5,180,182.5,4928600,159.921173
24/9/2015,181.5,182.5,180.5,181,2956600,158.606766
25/9/2015,181,184,179.5,182,5259300,159.483032
28/9/2015,180,181,176.5,177.5,6747400,155.539764
29/9/2015,175,177,175,175,7509600,153.349075
30/9/2015,175.5,176.5,171,171,14331700,149.843948
1/10/2015,172.5,173.5,168,168,9277300,147.215118
2/10/2015,168.5,170.5,167.5,169,7692400,148.0914
5/10/2015,170,173,169.5,171,8330300,149.843948
6/10/2015,172,174,171,174,9186900,152.472794
7/10/2015,175,177.5,174.5,177.5,7560600,155.539764
8/10/2015,177.5,179.5,177.5,178.5,8396100,156.416046
9/10/2015,179.5,185,179,184.5,15019300,161.673752
12/10/2015,185,185,182,184,9804600,161.235596
13/10/2015,184,185,182.5,185,5502200,162.111877
14/10/2015,184.5,185,183,183,3719000,160.359314
15/10/2015,184.5,189,184,189,12137600,165.617004
16/10/2015,189,189.5,187,188,6237400,164.740707
19/10/2015,189,190.5,186.5,189.5,5049800,166.055145
20/10/2015,188,190,187.5,187.5,3138600,164.302597
21/10/2015,185.5,186,183.5,185,6435800,162.111877
22/10/2015,184.5,186,184.5,185.5,4182200,162.550034
26/10/2015,186.5,187,181,181.5,16713400,159.044891
27/10/2015,180.5,181,179,179,11576200,156.854233
28/10/2015,178,180,176,176,7925100,154.225357
29/10/2015,176,176,172,172.5,11801300,151.158401
30/10/2015,173,174,172,172.5,9070000,151.158401
2/11/2015,173,178,172.5,178,8746000,155.977936
3/11/2015,179,179,176,177,6182500,155.101639
4/11/2015,178,178.5,176,177.5,4880900,155.539764
5/11/2015,177,179,176.5,177,4883200,155.101639
6/11/2015,177.5,177.5,176,177,3128700,155.101639
9/11/2015,177,177.5,175,176.5,2957000,154.663498
10/11/2015,175.5,175.5,174.5,175,3730000,153.349075
11/11/2015,175,175,173,173.5,3368000,152.034668
12/11/2015,173,178,173,177.5,5241100,155.539764
13/11/2015,176.5,177,174.5,175,5208300,153.349075
16/11/2015,173,174.5,172,174,9128900,152.472794
17/11/2015,175,175,172.5,172.5,4791300,151.158401
18/11/2015,172.5,174,172,172.5,3514000,151.158401
19/11/2015,172.5,173,168,168.5,15282900,147.653259
20/11/2015,169,170.5,168,170,4306400,148.967651
23/11/2015,170,171.5,168.5,170,5245900,148.967651
24/11/2015,169.5,172.5,169,169,6137900,148.0914
25/11/2015,169.5,171.5,169,170,4689300,148.967651
26/11/2015,170,170.5,168.5,168.5,4980900,147.653259
27/11/2015,168.5,169.5,168,168,2218200,147.215118
30/11/2015,167,171,165.5,171,17443800,149.843948
1/12/2015,170,171,169,169,3525800,148.0914
2/12/2015,169,171,166,167,9278900,146.338821
3/12/2015,166,168.5,166,167,6771300,146.338821
4/12/2015,167,168,166,166,4011600,145.46257
8/12/2015,165,165.5,160.5,160.5,10211900,140.643021
9/12/2015,161,161.5,157,157.5,12698400,138.01416
11/12/2015,157,157.5,153,153.5,8366300,134.509079
14/12/2015,150.5,153,149,152,12569100,133.194611
15/12/2015,152.5,154.5,150.5,154.5,14361600,135.385361
16/12/2015,155.5,157,153.5,154,12444900,134.947174
17/12/2015,154,155,153,153,20873300,134.070908
18/12/2015,152,152.5,149.5,150.5,16810300,131.880203
21/12/2015,149,152.5,149,151.5,10407500,132.7565
22/12/2015,152,153,147,147,11110600,128.813217
23/12/2015,148,151,148,151,6596000,132.318344
24/12/2015,152.5,153,151,151.5,4410000,132.7565
25/12/2015,151.5,152,150,150.5,2394400,131.880203
28/12/2015,151,153.5,151,152.5,4259700,133.632751
29/12/2015,152,152,151,151,2843000,132.318344
30/12/2015,152,152.5,150.5,150.5,4407600,131.880203
4/1/2016,150,150,146,147.5,8013300,129.251404
5/1/2016,147.5,148,145,146,8045800,127.936928
6/1/2016,146,149,145.5,148,5617300,129.689514
7/1/2016,145.5,146.5,144,144,8933200,126.184387
8/1/2016,145,147,145,146.5,6479200,128.375076
11/1/2016,145,147.5,144,147.5,8982300,129.251404
12/1/2016,148.5,155,148.5,154.5,14703900,135.385361
13/1/2016,158,163,157,163,22676000,142.83371
14/1/2016,160.5,162.5,159.5,159.5,12312900,139.766724
15/1/2016,160,160.5,153,154,13433100,134.947174
18/1/2016,151.5,153,150,152.5,12314700,133.632751
19/1/2016,153,162.5,152.5,160,14450100,140.204865
20/1/2016,158,160.5,157,160,11834100,140.204865
21/1/2016,161,165,159,162.5,15629400,142.395584
22/1/2016,161,165,160,163,12073700,142.83371
25/1/2016,164,164,157,157.5,11331500,138.01416
26/1/2016,157.5,159,156.5,158,6114700,138.452332
27/1/2016,160,162.5,160,161.5,7883000,141.519287
28/1/2016,162,164.5,161.5,164.5,6125600,144.148132
29/1/2016,164.5,169.5,163.5,169.5,10663800,148.529556
1/2/2016,169,169.5,167.5,168,7331700,147.215118
2/2/2016,168,168.5,165,165,5952100,144.586273
3/2/2016,162.5,164,160.5,164,8862800,143.709991
4/2/2016,164.5,165.5,163,165,7634300,144.586273
5/2/2016,167,169.5,166,169,9301300,148.0914
8/2/2016,169.5,170.5,168,169,5375100,148.0914
9/2/2016,166.5,166.5,163.5,165.5,6494100,145.024414
10/2/2016,165,166.5,164,166.5,9087800,145.900711
11/2/2016,165.5,168.5,163,163.5,10855300,143.271835
12/2/2016,163,163.5,160,161,14019300,141.081161
15/2/2016,163,164,161,163,5603400,142.83371
16/2/2016,164.5,165.5,162.5,163.5,8258900,143.271835
17/2/2016,162.5,163,159,162,12509800,141.957458
18/2/2016,163,164.5,162,164.5,7436400,144.148132
19/2/2016,164.5,169,163.5,168.5,10035300,147.653259
23/2/2016,168.5,171.5,167.5,171.5,12750600,150.282074
24/2/2016,170.5,173.5,170,173,9617700,151.596512
25/2/2016,173.5,173.5,171,171.5,8136700,150.282074
26/2/2016,172.5,173,171.5,173,5552800,151.596512
29/2/2016,173,173,170.5,170.5,3832600,149.405807
1/3/2016,171.5,173,170,172.5,2983100,151.158401
2/3/2016,173,177.5,172.5,177,12331500,155.101639
3/3/2016,178,179.5,176.5,178,9535700,155.977936
4/3/2016,179,183,178,181,15959200,158.606766
7/3/2016,182.5,183.5,181.5,182.5,5974400,159.921173
8/3/2016,181.5,185,181.5,182.5,10018800,159.921173
9/3/2016,179.5,181.5,178.5,181.5,12192900,159.044891
10/3/2016,181.5,182,177,177.5,5746800,155.539764
11/3/2016,178.5,181,178,180.5,5841700,158.16861
14/3/2016,183,185,182.5,184.5,7212100,161.673752
15/3/2016,183.5,184.5,180.5,182,5664800,159.483032
16/3/2016,181,181.5,172.5,173,25447000,151.596512
17/3/2016,174.5,175,171,171.5,12943000,150.282074
18/3/2016,172.5,174,171,173.5,9328100,152.034668
21/3/2016,174,175,173,175,3947000,153.349075
22/3/2016,175.5,176,173.5,174.5,5452700,152.910934
23/3/2016,175,178,174,178,11962200,155.977936
24/3/2016,178,178.5,174.5,175.5,7151300,153.787231
25/3/2016,175.5,176,173.5,173.5,3421300,152.034668
28/3/2016,173.5,173.5,168.5,169,11412500,148.0914
29/3/2016,167.5,169,164,169,18989200,148.0914
30/3/2016,170,175,170,173,16043700,151.596512
31/3/2016,173,174,171.5,173,8088000,151.596512
1/4/2016,171.5,172,168,169,12564000,148.0914
4/4/2016,169.5,170,168,168,7583000,147.215118
5/4/2016,162.5,163,160,160,12551100,143.187943
7/4/2016,160,160.5,155.5,156.5,13492500,140.055725
8/4/2016,157,159,154,158,19180200,141.398102
11/4/2016,160,160.5,159,159.5,5588900,142.740479
12/4/2016,160,160.5,157.5,159.5,5623900,142.740479
18/4/2016,160,162.5,159.5,162.5,12079600,145.425262
19/4/2016,163,165,161,162,10811000,144.977798
20/4/2016,162,162,158.5,161,7918100,144.08287
21/4/2016,163.5,166.5,163,166,19797000,148.55751
22/4/2016,165,165.5,162,162,8637800,144.977798
25/4/2016,162.5,164,161,162,4746300,144.977798
26/4/2016,162.5,165,161.5,163.5,6736600,146.320175
27/4/2016,164,164,161.5,162,5530800,144.977798
28/4/2016,164,164,162,162,7760600,144.977798
29/4/2016,162.5,166,162,166,7848200,148.55751
3/5/2016,166.5,167,164.5,165,5500600,147.662552
4/5/2016,165,165.5,163,163,3111300,145.872742
9/5/2016,162.5,163.5,161.5,163,4602500,145.872742
10/5/2016,162,162,159.5,161,8663800,144.08287
11/5/2016,160.5,161,158,158,13680400,141.398102
12/5/2016,157.5,159.5,157.5,159.5,6796300,142.740479
13/5/2016,159,162,159,159,5344400,142.29303
16/5/2016,161,161.5,158.5,160,5361400,143.187943
17/5/2016,161,164,161,163.5,6656100,146.320175
18/5/2016,163.5,163.5,162,162,3029500,144.977798
19/5/2016,162,163,159,159,6536700,142.29303
23/5/2016,160,162,160,161.5,5935000,144.530365
24/5/2016,162,162.5,160.5,161.5,2375600,144.530365
25/5/2016,163.5,165,163.5,164,11322000,146.767639
26/5/2016,164.5,166,164.5,166,4823200,148.55751
27/5/2016,165.5,168,164.5,168,4578300,150.347351
30/5/2016,170,173,169.5,173,10730100,154.82196
31/5/2016,173.5,174.5,173,174,10394900,155.716888
1/6/2016,174,175,172,173,6660800,154.82196
2/6/2016,173,174.5,171.5,173,4096600,154.82196
3/6/2016,174.5,176,174,175.5,4513800,157.059265
6/6/2016,176.5,177.5,175.5,176,4156300,157.506744
7/6/2016,178,179,176.5,176.5,5833700,157.954193
8/6/2016,176.5,176.5,172.5,173.5,6310400,155.26944
9/6/2016,175,175,170.5,170.5,5002300,152.584656
10/6/2016,169.5,171.5,169.5,169.5,4438700,151.689743
13/6/2016,167.5,167.5,165,165.5,8461900,148.110046
14/6/2016,165.5,167.5,165.5,167,5119800,149.452423
15/6/2016,167.5,168,166,167.5,4744900,149.899887
16/6/2016,166.5,166.5,162,162.5,8464100,145.425262
17/6/2016,163,163.5,161.5,163,4969400,145.872742
20/6/2016,162,162.5,160,161,10335800,144.08287
21/6/2016,161,164,161,164,5119600,146.767639
22/6/2016,166,166,163.5,164,5629700,146.767639
23/6/2016,164,169,163.5,169,7152400,151.242264
24/6/2016,163.5,166,162,166,19123900,148.55751
27/6/2016,165,169.5,164.5,167,7879600,149.452423
28/6/2016,167.5,169.5,167,169.5,6994200,151.689743
29/6/2016,171.5,174.5,170.5,174.5,15251900,156.164352
30/6/2016,175.5,175.5,169,170,11933200,152.137177
4/7/2016,174,178,173.5,177.5,20867300,158.849136
5/7/2016,177,180,176.5,179.5,11868100,160.638992
6/7/2016,177.5,178.5,176.5,177.5,5990900,158.849136
7/7/2016,178.5,179.5,177,177,4278600,158.401657
8/7/2016,176,176.5,171.5,175,8765500,156.611832
11/7/2016,177.5,179,177.5,178.5,6120500,159.744034
12/7/2016,180.5,181,177,178.5,8407700,159.744034
13/7/2016,178.5,179,176,177,7447000,158.401657
14/7/2016,177.5,179,176,178.5,6160600,159.744034
15/7/2016,179,180.5,178.5,180,10764400,161.086426
20/7/2016,181.5,182.5,181,182,10400500,162.876282
21/7/2016,182,182.5,181,182,5709600,162.876282
22/7/2016,180,180,177.5,179,8100800,160.191544
25/7/2016,179,181,177.5,181,6033500,161.981369
26/7/2016,181,182,179.5,179.5,9474600,160.638992
27/7/2016,181,184,180.5,184,8200800,164.666138
28/7/2016,185.5,195,184,195,26250800,174.510315
29/7/2016,195,199,193.5,197.5,16843900,176.747635
1/8/2016,197.5,201,193,195,13880300,174.510315
2/8/2016,193,194,190.5,191,8124300,170.930618
3/8/2016,190,194,189.5,193,10798500,172.720474
4/8/2016,192.5,192.5,189,189,6512000,169.140762
5/8/2016,189,191,188,190.5,9327300,170.483185
8/8/2016,196.5,201,196,200,27159600,178.984955
9/8/2016,200,203,196.5,201,15478700,179.879868
10/8/2016,201,203,198,200,10181700,178.984955
11/8/2016,199.5,202,199,199.5,12079100,178.537491
15/8/2016,198.5,202,198.5,200,10077000,178.984955
16/8/2016,201,202,197,197.5,8533200,176.747635
17/8/2016,196.5,197,193.5,194.5,12351700,174.062866
18/8/2016,195.5,198.5,195,197,12033100,176.300171
19/8/2016,197,197,194.5,195,6655600,174.510315
22/8/2016,195,197,192.5,197,8411300,176.300171
23/8/2016,195,197,195,196,8932800,175.405243
24/8/2016,195.5,199.5,194,198,13160600,177.195099
25/8/2016,199,200,195,195,9656200,174.510315
26/8/2016,195,199,195,198,6792400,177.195099
29/8/2016,198.5,198.5,196,197.5,5833100,176.747635
30/8/2016,198.5,198.5,197,198,5256000,177.195099
31/8/2016,197.5,198.5,196.5,197.5,6002600,176.747635
1/9/2016,199,199.5,197.5,199,13022500,178.090012
2/9/2016,198.5,199,192.5,193,15138500,172.720474
5/9/2016,194.5,195,188,189,11942700,169.140762
6/9/2016,188.5,190.5,188,189,6621200,169.589417
7/9/2016,190,192.5,189,190,10314600,170.48671
8/9/2016,190.5,191,187,188,13138600,168.692123
9/9/2016,188,188.5,184.5,185.5,9244400,166.448868
12/9/2016,183.5,186.5,180,180,14710200,161.513702
13/9/2016,183.5,187.5,182.5,186,14602200,166.897522
14/9/2016,185.5,189,185,189,9436800,169.589417
15/9/2016,190,190,187,188,7903300,168.692123
16/9/2016,189.5,189.5,186,187.5,27450100,168.243484
19/9/2016,189,190,186.5,188,6231900,168.692123
20/9/2016,186.5,186.5,185,185.5,5867200,166.448868
21/9/2016,186,190,186,188.5,7576000,169.140762
22/9/2016,191.5,192,190.5,191,9431300,171.384018
23/9/2016,191,191,186.5,187.5,6788600,168.243484
26/9/2016,185.5,189.5,185.5,189,5596400,169.589417
27/9/2016,190,190,187.5,188,5523200,168.692123
28/9/2016,187.5,188,185.5,186.5,4510800,167.346161
29/9/2016,188,190,187.5,189,6936300,169.589417
30/9/2016,187,189,186.5,187.5,5620200,168.243484
3/10/2016,190,190,187.5,188,4811600,168.692123
4/10/2016,189,197,188.5,195,16700200,174.973206
5/10/2016,195,195,192.5,193,10160900,173.178619
6/10/2016,194,196,193,194,7145900,174.075928
7/10/2016,193.5,193.5,191,192,5388000,172.281326
10/10/2016,186.5,189,184,185.5,12464500,166.448868
11/10/2016,186.5,187.5,182.5,185,9942200,166.000214
12/10/2016,183,183,169,182,26858600,163.308319
13/10/2016,180,187,177,187,20115600,167.79483
14/10/2016,195,196,187,189.5,31424700,170.038071
17/10/2016,181,182,178.5,179.5,42674000,161.065079
18/10/2016,179.5,179.5,176,176,20318100,157.92453
19/10/2016,175,177.5,175,176.5,21456400,158.373169
20/10/2016,177,179.5,176,178.5,15270800,160.16777
21/10/2016,178,178.5,176.5,176.5,8828200,158.373169
25/10/2016,176.5,177,173.5,175,13768300,157.027237
26/10/2016,174.5,175,172,172,11704700,154.335342
27/10/2016,172,174,171.5,173,10887200,155.232635
28/10/2016,173,173.5,171,172,7209800,154.335342
31/10/2016,172,173.5,171.5,172,8448900,154.335342
1/11/2016,172.5,173,170,170.5,11327300,152.98938
2/11/2016,170,170.5,169,170,10809900,152.540726
3/11/2016,169.5,170,167,167,9744200,149.848846
4/11/2016,166,167.5,165.5,166.5,10122000,149.400208
7/11/2016,168,171,168,170,12617400,152.540726
8/11/2016,170.5,171.5,169,171.5,10634300,153.886658
9/11/2016,169,170.5,167.5,170.5,13719900,152.98938
10/11/2016,171.5,174,171,172,10261000,154.335342
11/11/2016,170,170,168.5,169.5,7878000,152.092102
14/11/2016,167,168,165.5,168,7921200,150.746155
15/11/2016,168,169,166,168,7846900,150.746155
16/11/2016,168,168.5,166.5,166.5,5988000,149.400208
17/11/2016,167,170,167,170,6318000,152.540726
18/11/2016,169.5,171.5,169,170,7111700,152.540726
21/11/2016,170,171,169.5,170,3027300,152.540726
22/11/2016,171,171.5,170,170,2042800,152.540726
23/11/2016,171,172,170.5,171.5,3695200,153.886658
24/11/2016,170.5,171,169.5,169.5,3630300,152.092102
25/11/2016,170.5,171.5,169.5,171.5,3039900,153.886658
28/11/2016,171,171.5,170,170.5,2549800,152.98938
29/11/2016,171.5,172,169,169,5294700,151.643448
30/11/2016,168.5,171.5,168.5,169.5,4733500,152.092102
1/12/2016,171,171,169.5,170,6534900,152.540726
2/12/2016,169.5,170,169,170,3481700,152.540726
6/12/2016,169,170,167.5,169,4542300,151.643448
7/12/2016,168.5,171.5,168.5,171,6185500,153.438034
8/12/2016,172,175,172,174,10731400,156.129929
9/12/2016,175.5,175.5,173.5,174,5852500,156.129929
13/12/2016,173,173.5,171.5,173,7951400,155.232635
14/12/2016,172,172.5,170,171,5295800,153.438034
15/12/2016,169.5,171,169.5,170,7818800,152.540726
16/12/2016,170.5,172.5,170,170,3280200,152.540726
19/12/2016,169,171,169,171,7086100,153.438034
20/12/2016,170.5,172,170,171,3257600,153.438034
21/12/2016,171.5,172,170.5,171,2790200,153.438034
22/12/2016,171,172,170.5,172,2831600,154.335342
23/12/2016,172.5,174,171.5,173,4699600,155.232635
26/12/2016,173.5,174.5,173.5,174,2834100,156.129929
27/12/2016,174,175.5,173.5,175,3562700,157.027237
28/12/2016,175,175.5,174,174.5,1983700,156.578583
29/12/2016,174.5,177,174,176,5564400,157.92453
30/12/2016,177,177.5,176,177.5,6346800,159.270493
4/1/2017,180,182,179.5,182,14901000,163.308319
5/1/2017,182,183.5,181.5,183.5,9019700,164.654266
6/1/2017,183,184.5,182,183,7053100,164.205612
9/1/2017,184,186,183,186,10697200,166.897522
10/1/2017,186.5,190.5,186,189,11795200,169.589417
11/1/2017,190.5,191,188.5,190.5,7535100,170.935379
12/1/2017,190.5,191,188,188.5,7197900,169.140762
16/1/2017,186.5,187.5,184,185.5,5010300,166.448868
17/1/2017,185,187,185,185,3502500,166.000214
18/1/2017,187,188,185,185,4248500,166.000214
19/1/2017,184,184,181.5,182,6413100,163.308319
20/1/2017,181.5,187.5,181,184,6363800,165.102905
23/1/2017,184.5,186,184,186,5524800,166.897522
24/1/2017,186,188.5,186,187,4494500,167.79483
25/1/2017,188,191,188,191,7748900,171.384018
26/1/2017,193,193.5,189,190,8042800,170.48671
27/1/2017,189,189.5,187,187.5,4994600,168.243484
30/1/2017,187,189,186.5,189,1734800,169.589417
31/1/2017,188.5,188.5,187,188.5,4294400,169.140762
1/2/2017,187,191.5,187,191,7890200,171.384018
2/2/2017,191.5,191.5,189,189.5,3894600,170.038071
3/2/2017,189.5,192,189,191,4912800,171.384018
6/2/2017,192,196,191.5,195.5,9425800,175.42186
7/2/2017,195,196,194.5,195.5,5606000,175.42186
8/2/2017,195,196.5,194.5,195.5,5138700,175.42186
9/2/2017,195.5,199,195.5,198.5,7160400,178.113754
10/2/2017,199.5,201,196.5,198,12734300,177.665115
14/2/2017,199.5,199.5,194,194.5,5907300,174.524567
15/2/2017,193.5,195,191,193,6948500,173.178619
16/2/2017,193,196.5,191.5,195,5710200,174.973206
17/2/2017,195.5,197.5,195.5,197.5,2252300,177.216446
20/2/2017,197.5,197.5,194,197,2782700,176.767807
21/2/2017,196.5,197,191.5,193,7882600,173.178619
22/2/2017,193,194.5,191,193,6210800,173.178619
23/2/2017,192,193,190,190.5,7756500,170.935379
24/2/2017,190.5,191,189.5,189.5,4602000,170.038071
27/2/2017,189,189.5,187.5,187.5,5637800,168.243484
28/2/2017,189,191.5,188.5,191.5,3657200,171.832657
1/3/2017,192.5,195,192,195,4287000,174.973206
2/3/2017,195.5,196.5,195,196,5795400,175.870514
3/3/2017,196,196,194,195,2158600,174.973206
6/3/2017,194,194.5,191.5,192,3057200,172.281326
7/3/2017,192,193,191,192,2550800,172.281326
8/3/2017,191,192.5,189,192,5134000,172.281326
9/3/2017,191.5,191.5,189.5,190,4523500,170.48671
10/3/2017,190,192,189,190,4386500,170.48671
13/3/2017,189.5,190,188,189,4863200,169.589417
14/3/2017,190,191.5,189.5,190,6978500,170.48671
15/3/2017,189.5,190.5,189,189.5,2978300,170.038071
16/3/2017,190.5,193.5,190,192.5,8960900,172.72998
17/3/2017,193,193.5,192,193,4315200,173.178619
20/3/2017,193.5,194.5,191.5,192,6727900,172.281326
21/3/2017,192,193,191.5,193,3983700,173.178619
22/3/2017,191,192,190.5,190.5,4978700,170.935379
23/3/2017,191.5,192.5,191,191,3629300,171.384018
24/3/2017,191,191.5,190,191,3186600,171.384018
27/3/2017,191,192,191,191,4239300,171.384018
28/3/2017,192,193.5,191,192,5761700,172.281326
29/3/2017,192.5,193,192,192.5,4063100,172.72998
30/3/2017,193,193,191,191,6820800,171.384018
31/3/2017,192,192,189,189,7718500,169.589417
3/4/2017,189.5,191,189,190.5,2604700,170.935379
4/4/2017,190.5,193,190.5,192.5,3047500,172.72998
5/4/2017,192.5,193.5,192,193.5,3431800,173.627258
7/4/2017,191,193.5,190.5,193.5,5295300,176.825653
10/4/2017,193.5,193.5,192,193.5,1915300,176.825653
11/4/2017,193.5,197,193,195.5,6909000,178.653305
12/4/2017,196,197,195,195,3294600,178.196396
17/4/2017,194.5,195,193,193.5,1444700,176.825653
18/4/2017,194,195.5,192,192.5,3944500,175.91185
19/4/2017,192,193,186,186,8847400,169.971939
20/4/2017,187,190,186,188.5,8358900,172.256516
21/4/2017,189,190,188.5,189,4055100,172.71344
24/4/2017,189,189.5,184.5,185.5,8450100,169.51503
25/4/2017,186,186.5,184,185,9013900,169.058105
26/4/2017,185.5,186,184,185,8094900,169.058105
27/4/2017,184.5,185.5,183.5,183.5,3987000,167.687378
28/4/2017,184.5,185.5,184,185,5638200,169.058105
2/5/2017,186,189,185,187,8266500,170.885773
3/5/2017,187.5,189.5,187,189,3258600,172.71344
4/5/2017,190,193,190,193,8482600,176.368744
8/5/2017,192.5,193.5,191.5,192.5,4054400,175.91185
9/5/2017,193,194,191,193,3283500,176.368744
11/5/2017,191,191,188.5,189.5,9321000,173.170364
12/5/2017,189,189.5,187,189.5,8404600,173.170364
15/5/2017,185,185,185,185,682100,169.058105
16/5/2017,185,185,182.5,182.5,14495400,166.773544
17/5/2017,182.5,186,182.5,185,6610800,169.058105
18/5/2017,184,185.5,184,185,3131000,169.058105
19/5/2017,185,188,185,187,5711600,170.885773
22/5/2017,188,191,187.5,190.5,6895500,174.084198
23/5/2017,190.5,191.5,189,191.5,4387300,174.998001
24/5/2017,191.5,191.5,189.5,190.5,5025500,174.084198
25/5/2017,192,192,190,190,3429000,173.627258
26/5/2017,190.5,191,189,190,2852200,173.627258
29/5/2017,190,191,190,190.5,1282600,174.084198
30/5/2017,190.5,191.5,190.5,190.5,1067900,174.084198
31/5/2017,190.5,191,187.5,187.5,3642300,171.342697
1/6/2017,187.5,190,187.5,190,2540400,173.627258
2/6/2017,191,191,188.5,189,2904600,172.71344
5/6/2017,189.5,190.5,189,190.5,2879500,174.084198
6/6/2017,190,190.5,188.5,189.5,1264200,173.170364
7/6/2017,189.5,190,187.5,188,3919500,171.799622
8/6/2017,188.5,189.5,187.5,188,4881700,171.799622
9/6/2017,188,190.5,187.5,189,5435100,172.71344
12/6/2017,189,190.5,189,190,2054600,173.627258
13/6/2017,191,191.5,190,191.5,2859200,174.998001
14/6/2017,191.5,192,190.5,192,2327200,175.454941
15/6/2017,190.5,191.5,189,189.5,4188600,173.170364
16/6/2017,190.5,192,189.5,192,3690600,175.454941
19/6/2017,192,192.5,191.5,192,1967700,175.454941
20/6/2017,192.5,193,192,192,5705100,175.454941
21/6/2017,192,194.5,191.5,193.5,4759800,176.825653
22/6/2017,192,194,192,192.5,3421300,175.91185
23/6/2017,192,194,192,193,9013000,176.368744
26/6/2017,193.5,195,193,194,3293600,177.282578
27/6/2017,194,195.5,193.5,195.5,4032500,178.653305
28/6/2017,195,198,194.5,198,12145800,180.937897
29/6/2017,198.5,200,198.5,199,12428400,181.851715
30/6/2017,199,199.5,197.5,198.5,7125400,181.394806
3/7/2017,198.5,199,196.5,197,3760700,180.024063
4/7/2017,198,199.5,197,199,3829300,181.851715
5/7/2017,198.5,199.5,197,199,3086600,181.851715
6/7/2017,198,199.5,197.5,198,3773300,180.937897
7/7/2017,197,197.5,195.5,196,3201000,179.110229
11/7/2017,198,199.5,197.5,199,4483800,181.851715
12/7/2017,200,205,200,203,12267600,185.507019
13/7/2017,205,207,202,203,9353700,185.507019
14/7/2017,204,204,201,202,5220500,184.593185
17/7/2017,202,203,199.5,200,4874300,182.765549
18/7/2017,201,201,197.5,197.5,6304900,180.480972
19/7/2017,198,199,197,198.5,3273800,181.394806
20/7/2017,197,197,195,195.5,7988600,178.653305
21/7/2017,196.5,198.5,195.5,197,6327700,180.024063
24/7/2017,196.5,198.5,196,198.5,3617200,181.394806
25/7/2017,199,199.5,197,197.5,3060900,180.480972
26/7/2017,198.5,199,196.5,198.5,3566800,181.394806
27/7/2017,199,199.5,196.5,197.5,3045800,180.480972
31/7/2017,197.5,198,191,192.5,10907900,175.91185
1/8/2017,190,190.5,188.5,190,11961500,173.627258
2/8/2017,190,191.5,188,190,9452100,173.627258
3/8/2017,189.5,191,188.5,188.5,6123900,172.256516
4/8/2017,189,189.5,188,188.5,3628700,172.256516
7/8/2017,188,189,186,189,4171300,172.71344
8/8/2017,190,194,189.5,193.5,6201400,176.825653
9/8/2017,192.5,193.5,191.5,193.5,3071600,176.825653
10/8/2017,193.5,194,191.5,194,3493700,177.282578
11/8/2017,193,193.5,191.5,193.5,4516900,176.825653
15/8/2017,194.5,195,192.5,192.5,2717500,175.91185
16/8/2017,192,192,189.5,191,4253000,174.541107
17/8/2017,191.5,192,190,190,2510100,173.627258
18/8/2017,189.5,191.5,189.5,191,2133700,174.541107
21/8/2017,191,192,190,191,3685800,174.541107
22/8/2017,192,195,191.5,194.5,5843600,177.739487
23/8/2017,195,197.5,194,197.5,6481300,180.480972
24/8/2017,197.5,197.5,195.5,196.5,3316800,179.567139
25/8/2017,195.5,199,195.5,197.5,7288800,180.480972
28/8/2017,198.5,201,196,200,9541900,182.765549
29/8/2017,199,204,198,203,13568500,185.507019
30/8/2017,203,205,202,205,6183400,187.334686
31/8/2017,204,205,200,201,6887500,183.679367
1/9/2017,203,206,202,204,6548200,186.420853
4/9/2017,203,204,201,204,5511400,186.420853
5/9/2017,204,204,201,202,3815400,184.593185
6/9/2017,201,202,199,201,5800900,183.679367
7/9/2017,201,205,200,205,6594700,187.334686
8/9/2017,205,212,205,208,12334900,190.076157
11/9/2017,209,215,209,213,11466400,194.645294
12/9/2017,213,214,209,211,4853600,193.271332
13/9/2017,212,214,210,211,6593000,193.271332
14/9/2017,210,218,210,218,10455000,199.683182
15/9/2017,215,216,212,214,15422700,196.019272
18/9/2017,214,217,213,214,7900000,196.019272
19/9/2017,215,216,213,216,4142600,197.851212
20/9/2017,214,216,211,213,7198600,195.103302
21/9/2017,212,213,209,210,5757000,192.355362
22/9/2017,208,210,206,206,10403500,188.691452
25/9/2017,207,209,205,209,5492000,191.439392
26/9/2017,209,211,207,208,5516700,190.523392
27/9/2017,209,211,207,209,5769700,191.439392
28/9/2017,210,210,205,206,5618900,188.691452
29/9/2017,206,209,205,207,3643000,189.607422
2/10/2017,208,210,206,208,7166300,190.523392
3/10/2017,209,210,207,207,3361100,189.607422
4/10/2017,209,209,207,207,2427300,189.607422
5/10/2017,207,209,206,208,5124300,190.523392
6/10/2017,209,210,206,207,4090900,189.607422
9/10/2017,207,208,206,207,1102300,189.607422
10/10/2017,207,213,206,212,8645300,194.187302
11/10/2017,214,217,212,217,9635600,198.767197
12/10/2017,217,218,214,216,6346200,197.851212
16/10/2017,217,217,217,217,531100,198.767197
17/10/2017,217,218,215,217,4029700,198.767197
18/10/2017,217,218,214,215,4797800,196.935242
19/10/2017,216,216,211,212,6343700,194.187302
20/10/2017,208,213,207,213,9519200,195.103302
24/10/2017,211,214,210,210,4753300,192.355362
25/10/2017,211,213,209,212,4196400,194.187302
27/10/2017,214,215,212,213,5391900,195.103302
30/10/2017,213,220,210,220,10689500,201.515121
31/10/2017,222,224,219,220,8883500,201.515121
1/11/2017,222,226,221,224,8188100,205.179047
2/11/2017,223,225,221,223,5122200,204.263062
3/11/2017,223,225,222,223,3217800,204.263062
6/11/2017,223,224,218,220,4127400,201.515121
7/11/2017,221,221,218,220,3330900,201.515121
8/11/2017,220,223,220,222,3471000,203.347076
9/11/2017,223,224,220,220,3035600,201.515121
10/11/2017,218,220,217,217,3365200,198.767197
13/11/2017,216,219,215,217,3414400,198.767197
14/11/2017,218,224,217,224,4853400,205.179047
15/11/2017,223,223,220,220,3879500,201.515121
16/11/2017,220,223,220,221,3443400,202.431107
17/11/2017,223,225,222,224,5722000,205.179047
20/11/2017,225,226,223,223,2393800,204.263062
21/11/2017,223,223,223,223,6388300,204.263062
22/11/2017,224,226,223,224,5618000,205.179047
23/11/2017,224,226,223,223,3107100,204.263062
24/11/2017,223,224,221,222,3724400,203.347076
27/11/2017,222,223,219,221,3636800,202.431107
28/11/2017,221,222,220,222,1788600,203.347076
29/11/2017,224,229,223,229,13743300,209.758942
30/11/2017,228,231,225,227,12183700,207.926987
1/12/2017,227,228,223,223,5890500,204.263062
4/12/2017,225,229,224,225,6248300,206.095001
6/12/2017,225,230,224,229,5590300,209.758942
7/12/2017,229,231,227,230,4034300,210.674911
8/12/2017,231,231,228,228,4456400,208.842972
12/12/2017,229,230,226,226,5795500,207.011002
13/12/2017,226,226,224,224,6014200,205.179047
14/12/2017,226,229,225,228,5736300,208.842972
15/12/2017,228,230,227,230,4657300,210.674911
18/12/2017,229,231,228,230,3390300,210.674911
19/12/2017,231,235,230,231,8434100,211.590897
20/12/2017,231,234,229,234,4470600,214.338821
21/12/2017,235,235,231,233,3874400,213.422852
22/12/2017,234,234,231,233,4012800,213.422852
25/12/2017,233,236,233,234,2509900,214.338821
26/12/2017,234,237,234,235,3859800,215.254807
27/12/2017,235,236,233,235,2262900,215.254807
28/12/2017,234,235,231,233,3937200,213.422852
29/12/2017,235,236,232,232,6119200,212.506866
3/1/2018,234,237,233,237,6816400,217.086746
4/1/2018,239,244,238,242,8123000,221.666641
5/1/2018,242,244,240,241,6622100,220.750656
8/1/2018,243,245,241,241,8454800,220.750656
9/1/2018,240,240,234,235,13325700,215.254807
10/1/2018,235,236,232,233,7991200,213.422852
11/1/2018,233,233,230,233,9907000,213.422852
12/1/2018,233,239,233,238,7724600,218.002747
15/1/2018,239,240,233,234,8595500,214.338821
16/1/2018,236,236,233,234,4317500,214.338821
17/1/2018,233,234,231,232,6954100,212.506866
18/1/2018,232,233,226,227,13075500,207.926987
19/1/2018,222,227,218,227,22474900,207.926987
22/1/2018,223,223,220,221,19842300,202.431107
23/1/2018,222,227,222,227,15032300,207.926987
24/1/2018,227,228,225,226,10308600,207.011002
25/1/2018,227,231,226,226,9370400,207.011002
26/1/2018,226,230,226,229,7085900,209.758942
29/1/2018,231,234,229,232,12044800,212.506866
30/1/2018,233,234,231,234,8583900,214.338821
31/1/2018,233,234,230,230,9372000,210.674911
1/2/2018,232,232,229,229,4815100,209.758942
2/2/2018,230,232,228,230,5108700,210.674911
5/2/2018,227,229,226,229,7559000,209.758942
6/2/2018,227,229,224,228,11509600,208.842972
7/2/2018,229,230,225,227,4942200,207.926987
8/2/2018,227,227,223,223,6504100,204.263062
9/2/2018,220,225,220,224,7682000,205.179047
12/2/2018,224,226,222,225,3946500,206.095001
13/2/2018,225,226,223,225,5097100,206.095001
14/2/2018,225,225,224,224,1195700,205.179047
15/2/2018,227,228,225,228,4210500,208.842972
16/2/2018,228,230,228,228,2885600,208.842972
19/2/2018,228,230,227,228,1261800,208.842972
20/2/2018,228,228,226,227,1654600,207.926987
21/2/2018,227,228,226,228,2873200,208.842972
22/2/2018,228,229,223,225,4973100,206.095001
23/2/2018,225,227,223,226,3220500,207.011002
26/2/2018,226,230,225,230,4381400,210.674911
27/2/2018,230,235,229,233,9596500,213.422852
28/2/2018,232,235,232,232,5408400,212.506866
2/3/2018,230,232,228,230,4420400,210.674911
5/3/2018,230,232,226,228,3980500,208.842972
6/3/2018,229,231,227,228,3478200,208.842972
7/3/2018,226,229,226,227,3924200,207.926987
8/3/2018,227,231,227,228,5057100,208.842972
9/3/2018,229,230,228,230,2662500,210.674911
12/3/2018,232,233,230,232,4522500,212.506866
13/3/2018,233,233,226,228,8124000,208.842972
14/3/2018,227,228,225,225,5367000,206.095001
15/3/2018,225,226,222,224,5672200,205.179047
16/3/2018,223,225,222,223,9581100,204.263062
19/3/2018,223,224,222,223,2672500,204.263062
20/3/2018,223,225,222,225,2962200,206.095001
21/3/2018,226,226,220,222,5908400,203.347076
22/3/2018,223,223,218,220,8693100,201.515121
23/3/2018,217,221,217,221,4984100,202.431107
26/3/2018,220,222,219,222,2683600,203.347076
27/3/2018,221,224,220,222,4962500,203.347076
28/3/2018,220,221,212,213,17818600,195.103302
29/3/2018,213,216,211,212,12187900,194.187302
30/3/2018,212,214,211,212,4592400,194.187302
2/4/2018,214,215,213,214,5546400,196.019272
3/4/2018,212,214,211,212,4024700,194.187302
4/4/2018,213,213,195.5,195.5,24515700,179.073685
5/4/2018,197.5,198.5,192,192,21398400,175.867752
9/4/2018,192.5,195,192.5,193,11323000,176.783722
10/4/2018,194,198.5,193.5,197,8092900,180.447632
11/4/2018,196,201,195,201,9089500,187.441727
12/4/2018,201,203,198,200,4941000,186.509186
17/4/2018,201,201,198,199.5,4899200,186.042923
18/4/2018,200,202,199,202,5171800,188.374283
19/4/2018,201,201,197,197.5,10023000,184.177826
20/4/2018,199,201,197,197.5,10997600,184.177826
23/4/2018,198,198,195.5,196.5,7527900,183.24527
24/4/2018,195.5,196.5,193.5,194.5,10810000,181.380188
25/4/2018,193.5,193.5,188.5,190,18506400,177.183716
26/4/2018,190,194.5,190,193.5,8596600,180.447632
27/4/2018,194.5,195,192.5,195,5272500,181.846466
30/4/2018,195,196,194,195.5,3811500,182.312744
2/5/2018,195.5,196,194,195.5,5789300,182.312744
3/5/2018,194.5,195,191,191,7274000,178.116272
4/5/2018,190,191,189,189,9420900,176.251175
7/5/2018,189.5,192.5,189.5,192.5,2554400,179.515091
8/5/2018,194.5,195.5,193,194.5,7612800,181.380188
9/5/2018,194.5,194.5,190,190.5,5857200,177.649994
10/5/2018,190.5,193,189.5,192,3694500,179.048813
11/5/2018,192,195,192,195,3878700,181.846466
14/5/2018,195.5,195.5,194,195,5122900,181.846466
15/5/2018,194.5,195,193.5,194,2622600,180.91391
16/5/2018,192,194,192,192.5,3652600,179.515091
17/5/2018,192,192,189,189,5954900,176.251175
18/5/2018,188,188.5,187,188.5,6161500,175.784897
21/5/2018,189,193,189,193,5467400,179.981369
22/5/2018,193.5,196,193,195,10255500,181.846466
23/5/2018,194.5,195,193.5,194.5,4380600,181.380188
24/5/2018,194,195,191,191.5,5965900,178.58255
25/5/2018,192,193,190,192,5845900,179.048813
28/5/2018,192,195.5,192,195.5,6796900,182.312744
30/5/2018,194,194.5,192,193.5,6536000,180.447632
31/5/2018,193,193.5,190,191.5,8769300,178.58255
1/6/2018,192.5,195.5,191.5,195,5567200,181.846466
4/6/2018,195,197,194.5,196.5,12301300,183.24527
5/6/2018,196.5,205,196.5,204,17800100,190.23938
6/6/2018,204,206,201,203,7925400,189.306824
7/6/2018,204,206,199.5,199.5,8618400,186.042923
8/6/2018,200,200,194.5,194.5,15911000,181.380188
11/6/2018,195,199,195,197.5,6984500,184.177826
12/6/2018,197,203,197,199.5,8574900,186.042923
13/6/2018,198.5,201,197.5,200,6660500,186.509186
14/6/2018,199,201,197,200,11851500,186.509186
15/6/2018,199,202,198,199.5,11927200,186.042923
18/6/2018,199,201,198.5,199.5,4614600,186.042923
19/6/2018,198,200,194,195,13522400,181.846466
20/6/2018,197,199.5,196,198.5,9266600,185.110367
21/6/2018,198,198,194,194,7521600,180.91391
22/6/2018,194,195.5,190.5,193,11163800,179.981369
25/6/2018,192.5,193.5,190,190,6104000,177.183716
26/6/2018,189,194,188.5,193,6096300,179.981369
27/6/2018,193,194,191,191,7953700,178.116272
28/6/2018,191.5,192.5,189,189.5,7705800,176.717438
29/6/2018,192,194,190.5,194,7725600,180.91391
2/7/2018,195,195,190,193,6837300,179.981369
3/7/2018,193.5,195,192.5,194.5,5481700,181.380188
4/7/2018,194,197.5,192,197.5,7263100,184.177826
5/7/2018,197,197.5,194,194.5,2987500,181.380188
6/7/2018,193.5,198,193,197,7064400,183.711548
9/7/2018,196.5,197.5,193,193.5,8673100,180.447632
10/7/2018,193,195.5,191,195.5,11833300,182.312744
11/7/2018,193.5,195,193,195,3670300,181.846466
12/7/2018,195,196,194,195,3435100,181.846466
13/7/2018,195.5,196,194,194.5,1859000,181.380188
16/7/2018,193,194,192.5,193.5,2104300,180.447632
17/7/2018,194,197.5,193,197.5,7262800,184.177826
18/7/2018,199,200,196.5,199.5,8074000,186.042923
19/7/2018,201,201,198.5,198.5,5405400,185.110367
20/7/2018,206,211,204,210,25039400,195.834641
23/7/2018,210,213,208,213,8798900,198.632278
24/7/2018,213,213,206,208,8598700,193.969559
25/7/2018,209,212,208,210,3979000,195.834641
26/7/2018,216,216,213,215,7663300,200.497375
31/7/2018,218,220,216,217,8659800,202.362473
1/8/2018,217,218,213,217,8879600,202.362473
2/8/2018,216,217,210,212,11092500,197.699738
3/8/2018,213,218,212,216,8685100,201.429916
6/8/2018,218,220,216,217,6873200,202.362473
7/8/2018,217,218,213,214,9832500,199.564835
8/8/2018,216,218,214,216,9710000,201.429916
9/8/2018,216,219,216,217,6857600,202.362473
10/8/2018,217,221,217,217,6534500,202.362473
14/8/2018,215,216,212,215,5719900,200.497375
15/8/2018,214,215,213,213,3734100,198.632278
16/8/2018,214,215,212,212,6860900,197.699738
17/8/2018,214,216,213,215,4964500,200.497375
20/8/2018,217,219,215,216,5883400,201.429916
21/8/2018,217,218,215,216,4222600,201.429916
22/8/2018,217,219,216,217,2855600,202.362473
23/8/2018,218,219,216,217,2498600,202.362473
24/8/2018,216,217,215,215,1678100,200.497375
27/8/2018,216,218,216,218,2765800,203.295013
28/8/2018,219,219,215,215,3397300,200.497375
29/8/2018,215,216,213,215,5155900,200.497375
30/8/2018,215,215,212,213,3921700,198.632278
31/8/2018,212,213,210,211,8632800,196.767197
3/9/2018,210,213,210,212,2383300,197.699738
4/9/2018,212,213,210,212,2840800,197.699738
5/9/2018,211,212,207,208,6409700,193.969559
6/9/2018,208,210,207,210,6306300,195.834641
7/9/2018,208,209,207,208,3797100,193.969559
10/9/2018,207,209,205,208,2579700,193.969559
11/9/2018,207,209,201,203,5955800,189.306824
12/9/2018,201,207,201,206,5403500,192.578781
13/9/2018,210,216,209,214,11334700,200.057587
14/9/2018,215,218,215,217,5865900,202.862122
17/9/2018,215,216,211,212,4620400,198.187881
18/9/2018,213,218,210,216,10017000,201.927277
19/9/2018,217,219,216,216,6677500,201.927277
20/9/2018,217,217,213,214,4658000,200.057587
21/9/2018,215,217,214,217,4551600,202.862122
24/9/2018,216,217,214,215,3112300,200.992432
25/9/2018,215,216,213,215,2017700,200.992432
26/9/2018,215,216,213,213,3751100,199.122726
27/9/2018,213,215,212,214,5872100,200.057587
28/9/2018,216,216,214,216,5714700,201.927277
1/10/2018,217,217,214,215,5321200,200.992432
2/10/2018,214,216,213,213,3369300,199.122726
3/10/2018,214,215,213,213,2788600,199.122726
4/10/2018,213,214,212,214,4699500,200.057587
5/10/2018,213,215,210,211,4461000,197.253036
8/10/2018,210,212,209,209,6804900,195.383347
9/10/2018,209,213,209,210,4089000,196.318192
10/10/2018,212,215,211,213,6659700,199.122726
11/10/2018,210,212,208,209,7438600,195.383347
12/10/2018,209,211,208,209,5717800,195.383347
16/10/2018,209,209,205,209,6256400,195.383347
17/10/2018,210,211,207,207,5912600,193.513641
18/10/2018,208,208,206,206,3419300,192.578781
19/10/2018,205,206,202,202,9360600,188.839401
22/10/2018,202,208,202,207,4201900,193.513641
24/10/2018,206,208,205,205,5116400,191.643951
25/10/2018,204,209,203,209,5376900,195.383347
26/10/2018,208,209,205,206,3876200,192.578781
29/10/2018,204,205,197.5,199.5,14074600,186.502289
30/10/2018,199.5,200,196,196.5,11013600,183.697723
31/10/2018,197.5,199.5,196.5,199.5,10875500,186.502289
1/11/2018,201,203,199.5,203,8080400,189.774246
2/11/2018,205,207,203,204,9207900,190.709091
5/11/2018,201,202,199,201,4879200,187.904541
6/11/2018,201,204,201,204,3507700,190.709091
7/11/2018,205,206,203,206,4359500,192.578781
8/11/2018,208,210,205,206,5025200,192.578781
9/11/2018,206,207,205,207,2758400,193.513641
12/11/2018,206,207,201,201,4603800,187.904541
13/11/2018,201,203,200,202,4830600,188.839401
14/11/2018,200,201,199,200,5879500,186.969711
15/11/2018,200,201,198.5,199,4845500,186.034851
16/11/2018,199,199,197,198.5,5791900,185.567429
19/11/2018,198,198,196,196.5,5361600,183.697723
20/11/2018,195.5,195.5,190.5,192,13199100,179.490906
21/11/2018,191,194.5,190.5,193.5,10597400,180.893188
22/11/2018,193.5,195,190.5,190.5,8065100,178.088638
23/11/2018,191.5,193.5,190,192.5,8702000,179.958344
26/11/2018,193,194,192.5,193.5,9096300,180.893188
27/11/2018,194,195,193.5,195,8823200,182.295471
28/11/2018,195,195.5,191.5,191.5,9012700,179.023483
29/11/2018,193,193,191.5,192,5933500,179.490906
30/11/2018,192.5,193.5,190.5,193.5,11489500,180.893188
3/12/2018,197,198,196.5,196.5,13327200,183.697723
4/12/2018,197,199,197,198,6433200,185.100006
6/12/2018,195.5,196,193,193.5,7728100,180.893188
7/12/2018,193.5,193.5,191.5,192.5,8177300,179.958344
11/12/2018,191.5,192,190,191,8414900,178.556061
12/12/2018,192,192.5,189.5,190,8741600,177.621201
13/12/2018,192,192,188,188,9567300,175.751511
14/12/2018,187.5,189,183.5,185,11948700,172.94696
17/12/2018,185,186.5,183,185,5590900,172.94696
18/12/2018,183.5,186.5,183,185,8608600,172.94696
19/12/2018,185,189,185,188.5,11635000,176.218933
20/12/2018,187.5,188,184.5,188,7677300,175.751511
21/12/2018,187,188,185,188,8034200,175.751511
24/12/2018,186.5,188,185.5,185.5,3663000,173.414383
25/12/2018,184,184.5,182,182.5,4398700,170.609833
26/12/2018,182.5,183.5,182.5,183,3227700,171.077255
27/12/2018,187.5,188,182.5,182.5,7559600,170.609833
28/12/2018,183,185,183,185,4599100,172.94696
2/1/2019,185,186,184,185,4410900,172.94696
3/1/2019,186.5,187,185,186,4601300,173.881821
4/1/2019,185.5,186,183.5,186,8782100,173.881821
7/1/2019,186,188,185.5,188,7171800,175.751511
8/1/2019,187.5,188,186,186.5,4042100,174.349243
9/1/2019,187,188,186,186,6533600,173.881821
10/1/2019,186.5,187,178.5,180,16518900,168.27272
11/1/2019,181.5,182.5,180.5,181.5,6511700,169.675003
14/1/2019,181.5,182,180.5,181,3899700,169.207581
15/1/2019,181.5,183,181,182,3848600,170.142426
16/1/2019,182.5,183,181,183,4437100,171.077255
17/1/2019,183,185.5,182.5,184.5,10669700,172.479538
18/1/2019,186,186.5,181.5,183,18590800,171.077255
21/1/2019,185,189,184,187.5,16664800,175.284073
22/1/2019,187,189,185.5,189,9195900,176.686356
23/1/2019,189.5,191.5,188.5,190.5,20618000,178.088638
24/1/2019,191.5,192.5,188.5,192.5,12477000,179.958344
25/1/2019,193.5,194.5,193,193.5,8792500,180.893188
28/1/2019,194,194,192,193,5996600,180.425766
29/1/2019,192.5,193.5,192,193.5,4100600,180.893188
30/1/2019,193,193,191.5,193,7899500,180.425766
31/1/2019,195,200,194.5,200,17962300,186.969711
1/2/2019,201,202,199,201,10444000,187.904541
4/2/2019,201,203,200,202,4538700,188.839401
5/2/2019,201,202,199,200,3108900,186.969711
6/2/2019,201,203,200,202,6395000,188.839401
7/2/2019,203,205,201,202,10318100,188.839401
8/2/2019,199,201,197.5,199,13085800,186.034851
11/2/2019,197.5,198,195.5,196,12830300,183.230316
12/2/2019,196.5,198.5,196,197,4032500,184.165146
13/2/2019,198.5,198.5,196.5,197,4482300,184.165146
14/2/2019,197.5,197.5,196,197,3785500,184.165146
15/2/2019,196,196.5,194,195.5,4837400,182.762894
18/2/2019,196.5,197.5,196,197,2541400,184.165146
20/2/2019,197.5,198,193.5,194.5,6221900,181.828033
21/2/2019,195,196,195,196,3644500,183.230316
22/2/2019,195,195.5,193.5,195,6644900,182.295471
25/2/2019,196,199.5,195.5,198,8532300,185.100006
26/2/2019,197.5,201,197.5,199,6770200,186.034851
27/2/2019,200,200,198,199,5587200,186.034851
28/2/2019,199.5,199.5,197,197.5,4045100,184.632584
1/3/2019,197,197.5,195.5,196.5,4184900,183.697723
4/3/2019,195,196,194,194.5,4393900,181.828033
5/3/2019,194,195,193,193.5,5501100,180.893188
6/3/2019,193,193,189.5,189.5,8990700,177.153778
7/3/2019,189.5,192,189,192,6236200,179.490906
8/3/2019,192.5,194,192,193,6841000,180.425766
11/3/2019,193.5,194,192.5,192.5,2688600,179.958344
12/3/2019,192.5,193.5,192,193,2714800,180.425766
13/3/2019,193,193,191,192.5,4166400,179.958344
14/3/2019,192.5,193,191.5,192.5,2938600,179.958344
15/3/2019,192,192.5,189,189,9215500,176.686356
18/3/2019,189.5,190,188.5,189,3874100,176.686356
19/3/2019,189.5,191.5,189,191,7306000,178.556061
20/3/2019,191,192.5,191,191.5,3086500,179.023483
21/3/2019,192.5,193,191.5,191.5,3705100,179.023483
22/3/2019,191.5,193,191.5,193,7046400,180.425766
25/3/2019,191.5,192,189.5,190.5,6222900,178.088638
26/3/2019,191,193,190.5,192.5,4428400,179.958344
27/3/2019,192.5,193.5,192,192,4115100,179.490906
28/3/2019,191,191.5,186.5,188,16697100,175.751511
29/3/2019,188.5,189,187.5,187.5,6734400,175.284073
1/4/2019,188.5,189,186.5,186.5,6820500,174.349243
2/4/2019,187.5,189,187,189,4828500,176.686356
3/4/2019,189.5,190,188,189.5,3698000,177.153778
4/4/2019,190,190.5,189,189,3020300,176.686356
5/4/2019,190,191,189.5,190,3251300,177.621201
9/4/2019,191.5,193,191,193,6297400,180.425766
10/4/2019,193,193.5,192.5,193,3677600,180.425766
11/4/2019,190.5,191,189.5,190.5,5236900,181.377869
12/4/2019,190,191,190,191,2751100,181.853928
17/4/2019,191,191.5,190.5,191.5,6107500,182.329987
18/4/2019,191.5,193,190.5,193,5582200,183.758163
19/4/2019,193,193,190,190,6268200,180.90181
22/4/2019,190,191,190,190.5,2616700,181.377869
23/4/2019,190.5,191.5,190,191.5,2797600,182.329987
24/4/2019,192,193,191,193,6896900,183.758163
25/4/2019,192.5,193.5,192.5,193,3603400,183.758163
26/4/2019,193.5,193.5,190.5,190.5,4723300,181.377869
29/4/2019,190,190.5,188.5,190,5322800,180.90181
30/4/2019,189.5,191.5,189.5,191,3182000,181.853928
2/5/2019,191.5,193,191.5,192.5,4274300,183.282104
3/5/2019,192,193,191.5,192.5,3222200,183.282104
7/5/2019,191,191.5,190,190.5,5006100,181.377869
8/5/2019,190,190,188,188.5,5981900,179.473633
9/5/2019,188,188.5,187.5,187.5,5083100,178.521515
10/5/2019,188,188.5,186,187,5096400,178.045456
13/5/2019,187,188,186.5,187,3232700,178.045456
14/5/2019,187,188,186,187.5,5220500,178.521515
15/5/2019,188,189.5,187.5,187.5,5280400,178.521515
16/5/2019,188,189,186.5,186.5,6148600,177.569412
17/5/2019,187,188,186,186,4307500,177.093353
21/5/2019,187,188,186.5,188,5082100,178.997574
22/5/2019,188,189.5,188,189,4520100,179.949692
23/5/2019,188.5,190.5,187.5,187.5,5958400,178.521515
24/5/2019,188,190,188,189,4091200,179.949692
27/5/2019,189.5,190,189,189.5,3790800,180.425751
28/5/2019,190,190.5,186.5,186.5,23047600,177.569412
29/5/2019,187,188,182.5,183.5,8172300,174.713058
30/5/2019,183.5,186.5,183.5,184.5,4707400,175.665176
31/5/2019,184.5,186.5,184,186.5,6210300,177.569412
4/6/2019,187,190,186.5,190,7178600,180.90181
5/6/2019,191,193,191,192.5,10636100,183.282104
6/6/2019,192.5,193,191.5,192.5,3636800,183.282104
7/6/2019,192.5,192.5,191,191,1982800,181.853928
10/6/2019,191.5,192.5,191,192,4016800,182.806046
11/6/2019,192.5,193.5,191.5,193,4307500,183.758163
12/6/2019,193,193.5,192.5,193.5,3065600,184.234222
13/6/2019,193.5,194,192.5,193.5,3283600,184.234222
14/6/2019,194,194,192.5,193.5,3063800,184.234222
17/6/2019,193,193.5,191,191.5,4333200,182.329987
18/6/2019,191,192,187.5,190,13675900,180.90181
19/6/2019,191.5,193,191,192.5,7222300,183.282104
20/6/2019,193,194,192.5,193.5,4594800,184.234222
21/6/2019,193.5,193.5,191,192,7131400,182.806046
24/6/2019,192.5,192.5,189.5,190.5,6138400,181.377869
25/6/2019,190,192.5,189.5,191,5800800,181.853928
26/6/2019,189.5,190,188.5,188.5,12345500,179.473633
27/6/2019,189,189.5,188,188.5,6302200,179.473633
28/6/2019,188,189,188,188,5288500,178.997574
1/7/2019,189.5,191,188.5,188.5,6817000,179.473633
2/7/2019,188.5,189.5,188,188.5,3797000,179.473633
3/7/2019,188.5,189.5,188,189,3524300,179.949692
4/7/2019,189,190,187,187,7623900,178.045456
5/7/2019,187,188,187,187.5,2385300,178.521515
8/7/2019,187,188,186,187,4352000,178.045456
9/7/2019,186.5,187.5,186.5,186.5,3169900,177.569412
10/7/2019,187,189,187,188.5,5012600,179.473633
11/7/2019,189.5,190,187.5,187.5,6218900,178.521515
12/7/2019,188.5,189,187.5,188,7905400,178.997574
15/7/2019,187.5,188,185,185.5,8036500,176.617294
17/7/2019,184.5,185,183.5,183.5,6457300,174.713058
18/7/2019,183,183.5,180,180,13115100,171.380661
19/7/2019,181.5,183,180,180,11335800,171.380661
22/7/2019,180,180.5,178.5,179,8070500,170.428543
23/7/2019,178.5,179.5,177,177,12349700,168.524323
24/7/2019,178,178.5,177.5,178.5,4556700,169.952484
25/7/2019,178.5,179,177,177,4639200,168.524323
26/7/2019,177,177,174,174.5,11245200,166.144028
30/7/2019,175,175.5,172,172,7282300,163.763748
31/7/2019,172,173.5,172,172.5,5191900,164.239807
1/8/2019,172,173,172,173,5193400,164.715851
2/8/2019,172.5,176,172.5,176,9460800,167.572205
5/8/2019,175,175.5,172.5,172.5,7810200,164.239807
6/8/2019,172,175,170.5,173.5,8382500,165.19191
7/8/2019,173.5,174.5,166,167.5,21156200,159.479233
8/8/2019,168,168,164.5,165.5,14988200,157.574997
9/8/2019,165.5,167.5,165,165.5,13768900,157.574997
13/8/2019,165,166.5,163.5,164,10215200,156.14682
14/8/2019,165.5,166,155,155,26843600,147.577789
15/8/2019,155,157.5,154,155,22646600,147.577789
16/8/2019,156,158.5,156,157.5,15120800,149.958084
19/8/2019,159,161.5,158.5,161,13202900,153.290482
20/8/2019,162,162.5,157.5,158,8219500,150.434143
21/8/2019,159,159.5,155,155.5,13168000,148.053848
22/8/2019,156,157,154.5,156,10722200,148.529907
23/8/2019,157,159.5,156.5,159.5,6367200,151.862305
26/8/2019,156.5,157.5,155.5,157,5558700,149.482025
27/8/2019,156.5,157,152.5,154,11360100,146.625671
28/8/2019,155,157,155,155.5,5487200,148.053848
29/8/2019,156,158,156,158,3832400,150.434143
30/8/2019,160,161,159,160,8329400,152.338364
2/9/2019,160.5,161,159.5,160,4056900,152.338364
3/9/2019,159.5,160,155.5,156.5,6497000,149.005966
4/9/2019,156,158,155,156,8260900,148.529907
5/9/2019,157.5,159.5,157,159,6095900,151.386246
6/9/2019,160.5,162,158.5,158.5,5634400,150.910187
9/9/2019,159,160.5,158.5,160.5,4737000,152.814423
10/9/2019,162,165.5,161,165.5,14919600,157.574997
11/9/2019,167,169,166.5,169,12040900,161.395004
12/9/2019,173,174.5,169.5,169.5,13722000,161.872498
13/9/2019,170,170.5,165,165.5,14024300,158.05249
16/9/2019,165,165,160.5,163,9784200,155.664993
17/9/2019,161.5,162,160,160.5,13487900,153.277496
18/9/2019,161.5,164.5,161,164,10788100,156.619995
19/9/2019,165,166,163,165,6707900,157.574997
20/9/2019,165,166,162,165,11808000,157.574997
23/9/2019,164,164.5,162.5,162.5,4578500,155.1875
24/9/2019,161,164,159.5,162,6574000,154.709991
25/9/2019,160.5,162,160,161.5,6229400,154.232498
26/9/2019,162,162,158.5,159.5,8258700,152.322495
27/9/2019,160,161,158.5,161,6585800,153.755005
30/9/2019,160.5,160.5,156.5,156.5,9584800,149.457504
1/10/2019,157,158,155.5,157,7239800,149.934998
2/10/2019,155.5,156,152,152,14744600,145.160004
3/10/2019,150.5,152.5,150,150.5,13402700,143.727493
4/10/2019,150.5,151,148.5,148.5,8696000,141.817505
7/10/2019,149.5,152,149,151.5,5319800,144.682495
8/10/2019,153,153.5,150.5,150.5,4081900,143.727493
9/10/2019,149.5,150.5,148.5,149.5,7456700,142.772491
10/10/2019,149,149.5,147,148,5194700,141.339996
11/10/2019,148.5,148.5,146.5,147.5,6035500,140.862503
15/10/2019,148.5,151.5,148,151,9608000,144.205002
16/10/2019,152,154.5,152,153.5,8720100,146.592499
17/10/2019,154,156,154,156,8267000,148.979996
18/10/2019,156,156.5,151.5,153,7757300,146.11499
21/10/2019,153,153.5,148.5,150,9245800,143.25
22/10/2019,150,150,148,149,5356700,142.294998
24/10/2019,143.5,145.5,136,138,32903200,131.789993
25/10/2019,138,140,135.5,136.5,21582200,130.357498
28/10/2019,136.5,137,134.5,136,10427700,129.880005
29/10/2019,136,136,130.5,131,21510100,125.104996
30/10/2019,132,137,131.5,136,26934300,129.880005
31/10/2019,136.5,142,136.5,139,23434800,132.744995
1/11/2019,139,140.5,138.5,139,7991400,132.744995
4/11/2019,141,144,140.5,142.5,12973300,136.087494
5/11/2019,145.5,146,144,146,16157600,139.429993
6/11/2019,147,151.5,145.5,148,29218100,141.339996
7/11/2019,149.5,151,147.5,151,12432200,144.205002
8/11/2019,153,153,150.5,152.5,9304200,145.637497
11/11/2019,151,151.5,148,148,10834500,141.339996
12/11/2019,148.5,152,148.5,151.5,8727100,144.682495
13/11/2019,150.5,151.5,149,149.5,6865500,142.772491
14/11/2019,149.5,150,148,149,9522900,142.294998
15/11/2019,150.5,151.5,149,149,6685200,142.294998
18/11/2019,149.5,149.5,145.5,146.5,9171000,139.907501
19/11/2019,146,149,144.5,149,8432000,142.294998
20/11/2019,147.5,150,147,147,7116800,140.384995
21/11/2019,146.5,149.5,145.5,149.5,6953400,142.772491
22/11/2019,149.5,154,149,153,10956300,146.11499
25/11/2019,154.5,157.5,154,156,17123300,148.979996
26/11/2019,155.5,156.5,154,155.5,14775800,148.502502
27/11/2019,155,156,154.5,155.5,5923900,148.502502
28/11/2019,156,158,155,157.5,6758800,150.412491
29/11/2019,156.5,157,153,155,9369800,148.024994
2/12/2019,155.5,155.5,150,151.5,9919900,144.682495
3/12/2019,151.5,153,151,152,4374000,145.160004
4/12/2019,150.5,151,146,147,14314700,140.384995
6/12/2019,147,149,144.5,147,14762600,140.384995
9/12/2019,148,148.5,145.5,148,4725000,141.339996
11/12/2019,146.5,146.5,142,142,16502900,135.610001
12/12/2019,143,143.5,139.5,140,16833700,133.699997
13/12/2019,143.5,146.5,143,145.5,18335700,138.952499
16/12/2019,145.5,145.5,142.5,142.5,4373000,136.087494
17/12/2019,143.5,147,142,145.5,7708200,138.952499
18/12/2019,146,148.5,146,148.5,8679000,141.817505
19/12/2019,148,149.5,146,148.5,8037700,141.817505
20/12/2019,148.5,149.5,147.5,149.5,7820900,142.772491
23/12/2019,149.5,151,149,149.5,4531100,142.772491
24/12/2019,150,150.5,148,148,7222400,141.339996
25/12/2019,147.5,151,147,151,4195900,144.205002
26/12/2019,151,151.5,149.5,150,4141800,143.25
27/12/2019,151,151.5,149,150,5252500,143.25
30/12/2019,150,152,150,151,4281100,144.205002
